old_name,new_name,internalID,cellID,status
M02_SP_A1_C01.swc,1312798.swc,M02_SP_A1_C01_Goettingen_HEKA_Cell01,1312798,skip-collision
M02_SP_A1_C01_morph.png,1312798_morph.png,M02_SP_A1_C01_Goettingen_HEKA_Cell01,1312798,skip-collision
M02_SP_A1_C01_morph_thumb.png,1312798_morph_thumb.png,M02_SP_A1_C01_Goettingen_HEKA_Cell01,1312798,skip-collision
M02_SP_A1_C02.swc,3224863.swc,M02_SP_A1_C02_Goettingen_HEKA_Cell02,3224863,skip-collision
M02_SP_A1_C02_morph.png,3224863_morph.png,M02_SP_A1_C02_Goettingen_HEKA_Cell02,3224863,skip-collision
M02_SP_A1_C02_morph_thumb.png,3224863_morph_thumb.png,M02_SP_A1_C02_Goettingen_HEKA_Cell02,3224863,skip-collision
M03_FP_A1_C02_Goettingen_NPI_Cell02.swc,,,,skip-unmapped
M03_FP_A1_C02_Goettingen_NPI_Cell02_morph.png,,,,skip-unmapped
M03_FP_A1_C02_Goettingen_NPI_Cell02_morph_thumb.png,,,,skip-unmapped
M03_FP_A1_C04.swc,9256455.swc,M03_FP_A1_C04_Goettingen_NPI_Cell04,9256455,skip-collision
M03_FP_A1_C04_morph.png,9256455_morph.png,M03_FP_A1_C04_Goettingen_NPI_Cell04,9256455,skip-collision
M03_FP_A1_C04_morph_thumb.png,9256455_morph_thumb.png,M03_FP_A1_C04_Goettingen_NPI_Cell04,9256455,skip-collision
M04_FP_A1_C01_Goettingen_NPI_Cell01.swc,,,,skip-unmapped
M04_FP_A1_C01_Goettingen_NPI_Cell01_morph_thumb.png,,,,skip-unmapped
M04_SP_A1_C05.swc,6897177.swc,M04_SP_A1_C05_Goettingen_HEKA_Cell05,6897177,skip-collision
M04_SP_A1_C05_morph.png,6897177_morph.png,M04_SP_A1_C05_Goettingen_HEKA_Cell05,6897177,skip-collision
M04_SP_A1_C05_morph_thumb.png,6897177_morph_thumb.png,M04_SP_A1_C05_Goettingen_HEKA_Cell05,6897177,skip-collision
M05_SP_A1_C01.swc,2434052.swc,M05_SP_A1_C01_Goettingen_HEKA_Cell01,2434052,skip-collision
M05_SP_A1_C01_morph.png,2434052_morph.png,M05_SP_A1_C01_Goettingen_HEKA_Cell01,2434052,skip-collision
M05_SP_A1_C01_morph_thumb.png,2434052_morph_thumb.png,M05_SP_A1_C01_Goettingen_HEKA_Cell01,2434052,skip-collision
M05_SP_A1_C03.swc,7965332.swc,M05_SP_A1_C03_Goettingen_HEKA_Cell03,7965332,skip-collision
M05_SP_A1_C03_morph_thumb.png,7965332_morph_thumb.png,M05_SP_A1_C03_Goettingen_HEKA_Cell03,7965332,skip-collision
M07_FP_A1_C01.swc,9353976.swc,M07_FP_A1_C01_Goettingen_NPI_Cell01,9353976,skip-collision
M07_FP_A1_C01_morph.png,9353976_morph.png,M07_FP_A1_C01_Goettingen_NPI_Cell01,9353976,skip-collision
M07_FP_A1_C01_morph_thumb.png,9353976_morph_thumb.png,M07_FP_A1_C01_Goettingen_NPI_Cell01,9353976,skip-collision
M08_JR_A1_C02_Goettingen_NPI_Cell02.swc,,,,skip-unmapped
M08_JR_A1_C02_Goettingen_NPI_Cell02_morph.png,,,,skip-unmapped
M08_JR_A1_C02_Goettingen_NPI_Cell02_morph_thumb.png,,,,skip-unmapped
M08_JR_A1_C05.swc,3911070.swc,M08_JR_A1_C05_Goettingen_NPI_Cell05,3911070,skip-collision
M08_JR_A1_C05_morph.png,3911070_morph.png,M08_JR_A1_C05_Goettingen_NPI_Cell05,3911070,skip-collision
M08_JR_A1_C05_morph_thumb.png,3911070_morph_thumb.png,M08_JR_A1_C05_Goettingen_NPI_Cell05,3911070,skip-collision
M08_JR_A1_C08_morph.png,,,,skip-unmapped
M08_JR_A1_C08_morph_thumb.png,,,,skip-unmapped
M08_SP_A1_C01.swc,1408186.swc,M08_SP_A1_C01_Goettingen_HEKA_Cell01,1408186,skip-collision
M08_SP_A1_C01_morph.png,1408186_morph.png,M08_SP_A1_C01_Goettingen_HEKA_Cell01,1408186,skip-collision
M08_SP_A1_C01_morph_thumb.png,1408186_morph_thumb.png,M08_SP_A1_C01_Goettingen_HEKA_Cell01,1408186,skip-collision
M14_SP_A2_C02_Goettingen_HEKA_Cell02.swc,,,,skip-unmapped
M14_SP_A2_C02_Goettingen_HEKA_Cell02_morph_thumb.png,,,,skip-unmapped
M14_SP_A2_C02_morph.png,,,,skip-unmapped
M14_SP_A2_C02_morph_thumb.png,,,,skip-unmapped
M17_JR_A1_C01.swc,9461440.swc,M17_JR_A1_C01_Goettingen_NPI_Cell01,9461440,skip-collision
M17_JR_A1_C02.swc,2453109.swc,M17_JR_A1_C02_Goettingen_NPI_Cell02,2453109,skip-collision
M17_JR_A1_C02_morph_thumb.png,2453109_morph_thumb.png,M17_JR_A1_C02_Goettingen_NPI_Cell02,2453109,skip-collision
M17_SP_A2_C02_Goettingen_HEKA_Cell02.swc,,,,skip-unmapped
M17_SP_A2_C02_Goettingen_HEKA_Cell02_morph.png,,,,skip-unmapped
M17_SP_A2_C02_Goettingen_HEKA_Cell02_morph_thumb.png,,,,skip-unmapped
M17_SP_A2_C04_Goettingen_HEKA_Cell04.swc,,,,skip-unmapped
M17_SP_A2_C04_Goettingen_HEKA_Cell04_morph.png,,,,skip-unmapped
M17_SP_A2_C04_Goettingen_HEKA_Cell04_morph_thumb.png,,,,skip-unmapped
M18_FP_A1_C01.swc,6585369.swc,M18_FP_A1_C01_Goettingen_NPI_Cell01,6585369,skip-collision
M18_FP_A1_C01_morph.png,6585369_morph.png,M18_FP_A1_C01_Goettingen_NPI_Cell01,6585369,skip-collision
M18_FP_A1_C01_morph_thumb.png,6585369_morph_thumb.png,M18_FP_A1_C01_Goettingen_NPI_Cell01,6585369,skip-collision
M18_JR_A1_C07_morph.png,,,,skip-unmapped
M18_JR_A1_C07_morph_thumb.png,,,,skip-unmapped
M24_JR_A1_C06_Goettingen_NPI_Cell06.swc,,,,skip-unmapped
M24_JR_A1_C06_Goettingen_NPI_Cell06_morph.png,,,,skip-unmapped
M24_JR_A1_C06_Goettingen_NPI_Cell06_morph_thumb.png,,,,skip-unmapped
M24_VK_A1_C05_morph.png,,,,skip-unmapped
M24_VK_A1_C05_morph_thumb.png,,,,skip-unmapped
M26_FP_A1_C05_Goettingen_NPI_Cell05.swc,,,,skip-unmapped
M26_FP_A1_C05_Goettingen_NPI_Cell05_morph.png,,,,skip-unmapped
M26_FP_A1_C05_Goettingen_NPI_Cell05_morph_thumb.png,,,,skip-unmapped
M26_VK_A1_C02.swc,6981727.swc,M26_VK_A1_C02_Goettingen_NPI_Cell02,6981727,skip-collision
M26_VK_A1_C02_morph.png,6981727_morph.png,M26_VK_A1_C02_Goettingen_NPI_Cell02,6981727,skip-collision
M26_VK_A1_C02_morph_thumb.png,6981727_morph_thumb.png,M26_VK_A1_C02_Goettingen_NPI_Cell02,6981727,skip-collision
M26_VK_A1_C03_morph.png,,,,skip-unmapped
M26_VK_A1_C03_morph_thumb.png,,,,skip-unmapped
A09_SA_A1_C01.swc,8590892.swc,A09_SA_A1_C01,8590892,rename
A09_SA_A1_C01_morph.png,8590892_morph.png,A09_SA_A1_C01,8590892,rename
A09_SA_A1_C01_morph_thumb.png,8590892_morph_thumb.png,A09_SA_A1_C01,8590892,rename
A10_MM_A1_C02.swc,7748799.swc,A10_MM_A1_C02,7748799,rename
A10_MM_A1_C02_morph.png,7748799_morph.png,A10_MM_A1_C02,7748799,rename
A10_MM_A1_C02_morph_thumb.png,7748799_morph_thumb.png,A10_MM_A1_C02,7748799,rename
A11_MM_A1_C09.swc,2743813.swc,A11_MM_A1_C09,2743813,rename
A11_MM_A1_C09_morph.png,2743813_morph.png,A11_MM_A1_C09,2743813,rename
A11_MM_A1_C09_morph_thumb.png,2743813_morph_thumb.png,A11_MM_A1_C09,2743813,rename
A11_MM_A1_C14.swc,7146744.swc,A11_MM_A1_C14,7146744,rename
A11_MM_A1_C14_morph.png,7146744_morph.png,A11_MM_A1_C14,7146744,rename
A11_MM_A1_C14_morph_thumb.png,7146744_morph_thumb.png,A11_MM_A1_C14,7146744,rename
A11_SA_A1_C02.swc,8272043.swc,A11_MM_A1_C02,8272043,rename-fuzzy
A11_SA_A1_C02_morph.png,8272043_morph.png,A11_MM_A1_C02,8272043,rename-fuzzy
A11_SA_A1_C02_morph_thumb.png,8272043_morph_thumb.png,A11_MM_A1_C02,8272043,rename-fuzzy
A12_SA_A1_C02.swc,6119309.swc,A12_SA_A1_C02,6119309,rename
A12_SA_A1_C02_morph.png,6119309_morph.png,A12_SA_A1_C02,6119309,rename
A12_SA_A1_C02_morph_thumb.png,6119309_morph_thumb.png,A12_SA_A1_C02,6119309,rename
A13_MM_A1_C05.swc,1959201.swc,A13_MM_A4_C05,1959201,rename-fuzzy
A13_MM_A1_C05_morph.png,1959201_morph.png,A13_MM_A4_C05,1959201,rename-fuzzy
A13_MM_A1_C05_morph_thumb.png,1959201_morph_thumb.png,A13_MM_A4_C05,1959201,rename-fuzzy
A13_MM_A5_C06.swc,5205007.swc,A13_MM_A5_C06,5205007,rename
A13_MM_A5_C06_morph.png,5205007_morph.png,A13_MM_A5_C06,5205007,rename
A13_MM_A5_C06_morph_thumb.png,5205007_morph_thumb.png,A13_MM_A5_C06,5205007,rename
A19_MM_A1_C01.swc,8749915.swc,A19_MM_A1_C01,8749915,rename
A19_MM_A1_C01_morph.png,8749915_morph.png,A19_MM_A1_C01,8749915,rename
A19_MM_A1_C01_morph_thumb.png,8749915_morph_thumb.png,A19_MM_A1_C01,8749915,rename
A19_MM_A1_C08.swc,5854951.swc,A19_MM_A1_C08,5854951,rename
A19_MM_A1_C08_morph.png,5854951_morph.png,A19_MM_A1_C08,5854951,rename
A19_MM_A1_C08_morph_thumb.png,5854951_morph_thumb.png,A19_MM_A1_C08,5854951,rename
A19_MM_A5_C05.swc,3028495.swc,A19_MM_A1_C05,3028495,rename-fuzzy
A19_MM_A5_C05_morph.png,3028495_morph.png,A19_MM_A1_C05,3028495,rename-fuzzy
A19_MM_A5_C05_morph_thumb.png,3028495_morph_thumb.png,A19_MM_A1_C05,3028495,rename-fuzzy
A19_MM_B5_C11.swc,7839811.swc,A19_MM_A1_C11,7839811,rename-fuzzy
A19_MM_B5_C11_morph.png,7839811_morph.png,A19_MM_A1_C11,7839811,rename-fuzzy
A19_MM_B5_C11_morph_thumb.png,7839811_morph_thumb.png,A19_MM_A1_C11,7839811,rename-fuzzy
A21_MM_A3_C03.swc,9350585.swc,A21_MM_A1_C03,9350585,rename-fuzzy
A21_MM_A3_C03_morph.png,9350585_morph.png,A21_MM_A1_C03,9350585,rename-fuzzy
A21_MM_A3_C03_morph_thumb.png,9350585_morph_thumb.png,A21_MM_A1_C03,9350585,rename-fuzzy
A21_MM_A4_C04.swc,7678232.swc,A21_MM_A1_C04,7678232,rename-fuzzy
A21_MM_A4_C04_morph.png,7678232_morph.png,A21_MM_A1_C04,7678232,rename-fuzzy
A21_MM_A4_C04_morph_thumb.png,7678232_morph_thumb.png,A21_MM_A1_C04,7678232,rename-fuzzy
A23_MM_A1_C10.swc,9831599.swc,A23_MM_A1_C10,9831599,rename
A23_MM_A1_C10_morph.png,9831599_morph.png,A23_MM_A1_C10,9831599,rename
A23_MM_A1_C10_morph_thumb.png,9831599_morph_thumb.png,A23_MM_A1_C10,9831599,rename
A23_MM_A1_C11.swc,1799893.swc,A23_MM_A1_C11,1799893,rename
A23_MM_A1_C11_morph.png,1799893_morph.png,A23_MM_A1_C11,1799893,rename
A23_MM_A1_C11_morph_thumb.png,1799893_morph_thumb.png,A23_MM_A1_C11,1799893,rename
A24_MM_A1_C02.swc,3467347.swc,A24_MM_A1_C02,3467347,rename
A24_MM_A1_C02_morph.png,3467347_morph.png,A24_MM_A1_C02,3467347,rename
A24_MM_A1_C02_morph_thumb.png,3467347_morph_thumb.png,A24_MM_A1_C02,3467347,rename
A25_MM_A1_C02.swc,5349121.swc,A25_MM_A1_C02,5349121,rename
A25_MM_A1_C02_morph.png,5349121_morph.png,A25_MM_A1_C02,5349121,rename
A25_MM_A1_C02_morph_thumb.png,5349121_morph_thumb.png,A25_MM_A1_C02,5349121,rename
A25_MM_A1_C06.swc,5707421.swc,A25_MM_A1_C06,5707421,rename
A25_MM_A1_C06_morph.png,5707421_morph.png,A25_MM_A1_C06,5707421,rename
A25_MM_A1_C06_morph_thumb.png,5707421_morph_thumb.png,A25_MM_A1_C06,5707421,rename
M02_FP_A1_C01_Goettingen_NPI_Cell01.swc,7291841.swc,M02_FP_A1_C01_Goettingen_NPI_Cell01,7291841,rename
M02_FP_A1_C01_Goettingen_NPI_Cell01_morph.png,7291841_morph.png,M02_FP_A1_C01_Goettingen_NPI_Cell01,7291841,rename
M02_FP_A1_C01_Goettingen_NPI_Cell01_morph_thumb.png,7291841_morph_thumb.png,M02_FP_A1_C01_Goettingen_NPI_Cell01,7291841,rename
M02_SP_A1_C01_Goettingen_HEKA_Cell01.swc,1312798.swc,M02_SP_A1_C01_Goettingen_HEKA_Cell01,1312798,rename
M02_SP_A1_C01_Goettingen_HEKA_Cell01_morph.png,1312798_morph.png,M02_SP_A1_C01_Goettingen_HEKA_Cell01,1312798,rename
M02_SP_A1_C01_Goettingen_HEKA_Cell01_morph_thumb.png,1312798_morph_thumb.png,M02_SP_A1_C01_Goettingen_HEKA_Cell01,1312798,rename
M02_SP_A1_C02_Goettingen_HEKA_Cell02.swc,3224863.swc,M02_SP_A1_C02_Goettingen_HEKA_Cell02,3224863,rename
M02_SP_A1_C02_Goettingen_HEKA_Cell02_morph.png,3224863_morph.png,M02_SP_A1_C02_Goettingen_HEKA_Cell02,3224863,rename
M02_SP_A1_C02_Goettingen_HEKA_Cell02_morph_thumb.png,3224863_morph_thumb.png,M02_SP_A1_C02_Goettingen_HEKA_Cell02,3224863,rename
M02_SP_A1_C03_Goettingen_HEKA_Cell03.swc,2857733.swc,M02_SP_A1_C03_Goettingen_HEKA_Cell03,2857733,rename
M02_SP_A1_C03_Goettingen_HEKA_Cell03_morph.png,2857733_morph.png,M02_SP_A1_C03_Goettingen_HEKA_Cell03,2857733,rename
M02_SP_A1_C03_Goettingen_HEKA_Cell03_morph_thumb.png,2857733_morph_thumb.png,M02_SP_A1_C03_Goettingen_HEKA_Cell03,2857733,rename
M03_FP_A1_C03_Goettingen_NPI_Cell03.swc,2765173.swc,M03_FP_A1_C03_Goettingen_NPI_Cell03,2765173,rename
M03_FP_A1_C03_Goettingen_NPI_Cell03_morph.png,2765173_morph.png,M03_FP_A1_C03_Goettingen_NPI_Cell03,2765173,rename
M03_FP_A1_C03_Goettingen_NPI_Cell03_morph_thumb.png,2765173_morph_thumb.png,M03_FP_A1_C03_Goettingen_NPI_Cell03,2765173,rename
M03_FP_A1_C04_Goettingen_NPI_Cell04.swc,9256455.swc,M03_FP_A1_C04_Goettingen_NPI_Cell04,9256455,rename
M03_FP_A1_C04_Goettingen_NPI_Cell04_morph.png,9256455_morph.png,M03_FP_A1_C04_Goettingen_NPI_Cell04,9256455,rename
M03_FP_A1_C04_Goettingen_NPI_Cell04_morph_thumb.png,9256455_morph_thumb.png,M03_FP_A1_C04_Goettingen_NPI_Cell04,9256455,rename
M03_SP_A1_C03_Goettingen_HEKA_Cell03.swc,6090011.swc,M03_SP_A1_C03_Goettingen_HEKA_Cell03,6090011,rename
M03_SP_A1_C03_Goettingen_HEKA_Cell03_morph.png,6090011_morph.png,M03_SP_A1_C03_Goettingen_HEKA_Cell03,6090011,rename
M03_SP_A1_C03_Goettingen_HEKA_Cell03_morph_thumb.png,6090011_morph_thumb.png,M03_SP_A1_C03_Goettingen_HEKA_Cell03,6090011,rename
M03_SP_A1_C04.swc,8748546.swc,M03_SP_A1_C04_Goettingen_HEKA_Cell04,8748546,rename
M03_SP_A1_C04_morph.png,8748546_morph.png,M03_SP_A1_C04_Goettingen_HEKA_Cell04,8748546,rename
M03_SP_A1_C04_morph_thumb.png,8748546_morph_thumb.png,M03_SP_A1_C04_Goettingen_HEKA_Cell04,8748546,rename
M04_FP_A1_C05_Goettingen_NPI_Cell05.swc,8854274.swc,M04_FP_A1_C05_Goettingen_NPI_Cell05,8854274,rename
M04_FP_A1_C05_Goettingen_NPI_Cell05_morph.png,8854274_morph.png,M04_FP_A1_C05_Goettingen_NPI_Cell05,8854274,rename
M04_FP_A1_C05_Goettingen_NPI_Cell05_morph_thumb.png,8854274_morph_thumb.png,M04_FP_A1_C05_Goettingen_NPI_Cell05,8854274,rename
M04_SP_A1_C05_Goettingen_HEKA_Cell05.swc,6897177.swc,M04_SP_A1_C05_Goettingen_HEKA_Cell05,6897177,rename
M04_SP_A1_C05_Goettingen_HEKA_Cell05_morph.png,6897177_morph.png,M04_SP_A1_C05_Goettingen_HEKA_Cell05,6897177,rename
M04_SP_A1_C05_Goettingen_HEKA_Cell05_morph_thumb.png,6897177_morph_thumb.png,M04_SP_A1_C05_Goettingen_HEKA_Cell05,6897177,rename
M05_JR_A1_C02_Goettingen_NPI_Cell02.swc,6733424.swc,M05_JR_A1_C02_Goettingen_NPI_Cell02,6733424,rename
M05_JR_A1_C02_Goettingen_NPI_Cell02_morph.png,6733424_morph.png,M05_JR_A1_C02_Goettingen_NPI_Cell02,6733424,rename
M05_JR_A1_C02_Goettingen_NPI_Cell02_morph_thumb.png,6733424_morph_thumb.png,M05_JR_A1_C02_Goettingen_NPI_Cell02,6733424,rename
M05_SP_A1_C01_Goettingen_HEKA_Cell01.swc,2434052.swc,M05_SP_A1_C01_Goettingen_HEKA_Cell01,2434052,rename
M05_SP_A1_C01_Goettingen_HEKA_Cell01_morph.png,2434052_morph.png,M05_SP_A1_C01_Goettingen_HEKA_Cell01,2434052,rename
M05_SP_A1_C01_Goettingen_HEKA_Cell01_morph_thumb.png,2434052_morph_thumb.png,M05_SP_A1_C01_Goettingen_HEKA_Cell01,2434052,rename
M05_SP_A1_C02_Goettingen_HEKA_Cell02.swc,9959639.swc,M05_SP_A1_C02_Goettingen_HEKA_Cell02,9959639,rename
M05_SP_A1_C02_Goettingen_HEKA_Cell02_morph.png,9959639_morph.png,M05_SP_A1_C02_Goettingen_HEKA_Cell02,9959639,rename
M05_SP_A1_C02_Goettingen_HEKA_Cell02_morph_thumb.png,9959639_morph_thumb.png,M05_SP_A1_C02_Goettingen_HEKA_Cell02,9959639,rename
M05_SP_A1_C03_Goettingen_HEKA_Cell03.swc,7965332.swc,M05_SP_A1_C03_Goettingen_HEKA_Cell03,7965332,rename
M05_SP_A1_C03_Goettingen_HEKA_Cell03_morph_thumb.png,7965332_morph_thumb.png,M05_SP_A1_C03_Goettingen_HEKA_Cell03,7965332,rename
M05_SP_A1_C03_morph.png,7965332_morph.png,M05_SP_A1_C03_Goettingen_HEKA_Cell03,7965332,rename
M05_SP_A1_C04_Goettingen_HEKA_Cell04.swc,2661394.swc,M05_SP_A1_C04_Goettingen_HEKA_Cell04,2661394,rename
M05_SP_A1_C04_Goettingen_HEKA_Cell04_morph.png,2661394_morph.png,M05_SP_A1_C04_Goettingen_HEKA_Cell04,2661394,rename
M05_SP_A1_C04_Goettingen_HEKA_Cell04_morph_thumb.png,2661394_morph_thumb.png,M05_SP_A1_C04_Goettingen_HEKA_Cell04,2661394,rename
M07_FP_A1_C01_Goettingen_NPI_Cell01.swc,9353976.swc,M07_FP_A1_C01_Goettingen_NPI_Cell01,9353976,rename
M07_FP_A1_C01_Goettingen_NPI_Cell01_morph.png,9353976_morph.png,M07_FP_A1_C01_Goettingen_NPI_Cell01,9353976,rename
M07_FP_A1_C01_Goettingen_NPI_Cell01_morph_thumb.png,9353976_morph_thumb.png,M07_FP_A1_C01_Goettingen_NPI_Cell01,9353976,rename
M08_FP_A1_C01_Goettingen_NPI_Cell01.swc,2905002.swc,M08_FP_A1_C01_Goettingen_NPI_Cell01,2905002,rename
M08_FP_A1_C01_Goettingen_NPI_Cell01_morph.png,2905002_morph.png,M08_FP_A1_C01_Goettingen_NPI_Cell01,2905002,rename
M08_FP_A1_C01_Goettingen_NPI_Cell01_morph_thumb.png,2905002_morph_thumb.png,M08_FP_A1_C01_Goettingen_NPI_Cell01,2905002,rename
M08_JR_A1_C05_Goettingen_NPI_Cell05.swc,3911070.swc,M08_JR_A1_C05_Goettingen_NPI_Cell05,3911070,rename
M08_JR_A1_C05_Goettingen_NPI_Cell05_morph.png,3911070_morph.png,M08_JR_A1_C05_Goettingen_NPI_Cell05,3911070,rename
M08_JR_A1_C05_Goettingen_NPI_Cell05_morph_thumb.png,3911070_morph_thumb.png,M08_JR_A1_C05_Goettingen_NPI_Cell05,3911070,rename
M08_SP_A1_C01_Goettingen_HEKA_Cell01.swc,1408186.swc,M08_SP_A1_C01_Goettingen_HEKA_Cell01,1408186,rename
M08_SP_A1_C01_Goettingen_HEKA_Cell01_morph.png,1408186_morph.png,M08_SP_A1_C01_Goettingen_HEKA_Cell01,1408186,rename
M08_SP_A1_C01_Goettingen_HEKA_Cell01_morph_thumb.png,1408186_morph_thumb.png,M08_SP_A1_C01_Goettingen_HEKA_Cell01,1408186,rename
M08_SP_A1_C02_morph.png,9945879_morph.png,M08_SP_A1_C02_Goettingen_HEKA_Cell02,9945879,rename
M08_SP_A1_C02_morph_thumb.png,9945879_morph_thumb.png,M08_SP_A1_C02_Goettingen_HEKA_Cell02,9945879,rename
M08_SP_A1_C03.swc,8440287.swc,M08_SP_A1_C03_Goettingen_HEKA_Cell03,8440287,rename
M08_SP_A1_C03_morph.png,8440287_morph.png,M08_SP_A1_C03_Goettingen_HEKA_Cell03,8440287,rename
M08_SP_A1_C03_morph_thumb.png,8440287_morph_thumb.png,M08_SP_A1_C03_Goettingen_HEKA_Cell03,8440287,rename
M08_SP_A1_C04.swc,4401384.swc,M08_SP_A1_C04_Goettingen_HEKA_Cell04,4401384,rename
M08_SP_A1_C04_morph.png,4401384_morph.png,M08_SP_A1_C04_Goettingen_HEKA_Cell04,4401384,rename
M08_SP_A1_C04_morph_thumb.png,4401384_morph_thumb.png,M08_SP_A1_C04_Goettingen_HEKA_Cell04,4401384,rename
M13_FP_A1_C02.swc,5406386.swc,M13_FP_A1_C02_Goettingen_NPI_Cell02,5406386,rename
M13_FP_A1_C02_morph.png,5406386_morph.png,M13_FP_A1_C02_Goettingen_NPI_Cell02,5406386,rename
M13_FP_A1_C02_morph_thumb.png,5406386_morph_thumb.png,M13_FP_A1_C02_Goettingen_NPI_Cell02,5406386,rename
M13_JR_A1_C02.swc,6735529.swc,M13_JR_A1_C02_Goettingen_NPI_Cell02,6735529,rename
M13_JR_A1_C02_morph.png,6735529_morph.png,M13_JR_A1_C02_Goettingen_NPI_Cell02,6735529,rename
M13_JR_A1_C02_morph_thumb.png,6735529_morph_thumb.png,M13_JR_A1_C02_Goettingen_NPI_Cell02,6735529,rename
M13_SP_A1_C03_Goettingen_HEKA_Cell03.swc,6088279.swc,M13_SP_A1_C03_Goettingen_HEKA_Cell03,6088279,rename
M13_SP_A1_C03_Goettingen_HEKA_Cell03_morph.png,6088279_morph.png,M13_SP_A1_C03_Goettingen_HEKA_Cell03,6088279,rename
M13_SP_A1_C03_Goettingen_HEKA_Cell03_morph_thumb.png,6088279_morph_thumb.png,M13_SP_A1_C03_Goettingen_HEKA_Cell03,6088279,rename
M13_SP_A1_C05.swc,3901487.swc,M13_SP_A1_C05_Goettingen_HEKA_Cell05,3901487,rename
M13_SP_A1_C05_morph.png,3901487_morph.png,M13_SP_A1_C05_Goettingen_HEKA_Cell05,3901487,rename
M13_SP_A1_C05_morph_thumb.png,3901487_morph_thumb.png,M13_SP_A1_C05_Goettingen_HEKA_Cell05,3901487,rename
M14_SP_A1_C02.swc,1521230.swc,M14_SP_A1_C02_Goettingen_HEKA_Cell02,1521230,rename
M14_SP_A1_C02_morph.png,1521230_morph.png,M14_SP_A1_C02_Goettingen_HEKA_Cell02,1521230,rename
M14_SP_A1_C02_morph_thumb.png,1521230_morph_thumb.png,M14_SP_A1_C02_Goettingen_HEKA_Cell02,1521230,rename
M17_FP_A1_C02_Goettingen_NPI_Cell02.swc,5356896.swc,M17_FP_A1_C02_Goettingen_NPI_Cell02,5356896,rename
M17_FP_A1_C02_Goettingen_NPI_Cell02_morph.png,5356896_morph.png,M17_FP_A1_C02_Goettingen_NPI_Cell02,5356896,rename
M17_FP_A1_C02_Goettingen_NPI_Cell02_morph_thumb.png,5356896_morph_thumb.png,M17_FP_A1_C02_Goettingen_NPI_Cell02,5356896,rename
M17_JR_A1_C01_Goettingen_NPI_Cell01.swc,9461440.swc,M17_JR_A1_C01_Goettingen_NPI_Cell01,9461440,rename
M17_JR_A1_C01_morph.png,9461440_morph.png,M17_JR_A1_C01_Goettingen_NPI_Cell01,9461440,rename
M17_JR_A1_C01_morph_thumb.png,9461440_morph_thumb.png,M17_JR_A1_C01_Goettingen_NPI_Cell01,9461440,rename
M17_JR_A1_C02_Goettingen_NPI_Cell02.swc,2453109.swc,M17_JR_A1_C02_Goettingen_NPI_Cell02,2453109,rename
M17_JR_A1_C02_Goettingen_NPI_Cell02_morph_thumb.png,2453109_morph_thumb.png,M17_JR_A1_C02_Goettingen_NPI_Cell02,2453109,rename
M17_JR_A1_C02_morph.png,2453109_morph.png,M17_JR_A1_C02_Goettingen_NPI_Cell02,2453109,rename
M17_JR_A1_C07.swc,6675347.swc,M17_JR_A1_C07_Goettingen_NPI_Cell07,6675347,rename
M17_JR_A1_C07_morph.png,6675347_morph.png,M17_JR_A1_C07_Goettingen_NPI_Cell07,6675347,rename
M17_JR_A1_C07_morph_thumb.png,6675347_morph_thumb.png,M17_JR_A1_C07_Goettingen_NPI_Cell07,6675347,rename
M18_FP_A1_C01_Goettingen_NPI_Cell01.swc,6585369.swc,M18_FP_A1_C01_Goettingen_NPI_Cell01,6585369,rename
M18_FP_A1_C01_Goettingen_NPI_Cell01_morph.png,6585369_morph.png,M18_FP_A1_C01_Goettingen_NPI_Cell01,6585369,rename
M18_FP_A1_C01_Goettingen_NPI_Cell01_morph_thumb.png,6585369_morph_thumb.png,M18_FP_A1_C01_Goettingen_NPI_Cell01,6585369,rename
M18_SP_A1_C01.swc,3377907.swc,M18_SP_A1_C01_Goettingen_HEKA_Cell01,3377907,rename
M18_SP_A1_C01_morph.png,3377907_morph.png,M18_SP_A1_C01_Goettingen_HEKA_Cell01,3377907,rename
M18_SP_A1_C01_morph_thumb.png,3377907_morph_thumb.png,M18_SP_A1_C01_Goettingen_HEKA_Cell01,3377907,rename
M18_SP_A1_C03.swc,4735845.swc,M18_SP_A1_C03_Goettingen_HEKA_Cell03,4735845,rename
M18_SP_A1_C03_morph.png,4735845_morph.png,M18_SP_A1_C03_Goettingen_HEKA_Cell03,4735845,rename
M18_SP_A1_C03_morph_thumb.png,4735845_morph_thumb.png,M18_SP_A1_C03_Goettingen_HEKA_Cell03,4735845,rename
M18_SP_A1_C04_Goettingen_HEKA_Cell04.swc,8251824.swc,M18_SP_A1_C04_Goettingen_HEKA_Cell04,8251824,rename
M18_SP_A1_C04_Goettingen_HEKA_Cell04_morph.png,8251824_morph.png,M18_SP_A1_C04_Goettingen_HEKA_Cell04,8251824,rename
M18_SP_A1_C04_Goettingen_HEKA_Cell04_morph_thumb.png,8251824_morph_thumb.png,M18_SP_A1_C04_Goettingen_HEKA_Cell04,8251824,rename
M18_SP_A1_C05.swc,2404081.swc,M18_SP_A1_C05_Goettingen_HEKA_Cell05,2404081,rename
M18_SP_A1_C05_morph.png,2404081_morph.png,M18_SP_A1_C05_Goettingen_HEKA_Cell05,2404081,rename
M18_SP_A1_C05_morph_thumb.png,2404081_morph_thumb.png,M18_SP_A1_C05_Goettingen_HEKA_Cell05,2404081,rename
M24_FP_A1_C02.swc,8804798.swc,M24_FP_A1_C02_Goettingen_NPI_Cell02,8804798,rename
M24_FP_A1_C02_morph.png,8804798_morph.png,M24_FP_A1_C02_Goettingen_NPI_Cell02,8804798,rename
M24_FP_A1_C02_morph_thumb.png,8804798_morph_thumb.png,M24_FP_A1_C02_Goettingen_NPI_Cell02,8804798,rename
M24_JR_A1_C03_morph.png,1104294_morph.png,M24_JR_A1_C03_Goettingen_NPI_Cell03,1104294,rename
M24_JR_A1_C03_morph_thumb.png,1104294_morph_thumb.png,M24_JR_A1_C03_Goettingen_NPI_Cell03,1104294,rename
M26_SP_A1_C01_Goettingen_HEKA_Cell01.swc,7836270.swc,M26_SP_A1_C01_Goettingen_HEKA_Cell01,7836270,rename
M26_SP_A1_C01_Goettingen_HEKA_Cell01_morph.png,7836270_morph.png,M26_SP_A1_C01_Goettingen_HEKA_Cell01,7836270,rename
M26_SP_A1_C01_Goettingen_HEKA_Cell01_morph_thumb.png,7836270_morph_thumb.png,M26_SP_A1_C01_Goettingen_HEKA_Cell01,7836270,rename
M26_VK_A1_C01.swc,2077876.swc,M26_VK_A1_C01_Goettingen_NPI_Cell01,2077876,rename
M26_VK_A1_C01_morph.png,2077876_morph.png,M26_VK_A1_C01_Goettingen_NPI_Cell01,2077876,rename
M26_VK_A1_C01_morph_thumb.png,2077876_morph_thumb.png,M26_VK_A1_C01_Goettingen_NPI_Cell01,2077876,rename
M26_VK_A1_C02_Goettingen_NPI_Cell02.swc,6981727.swc,M26_VK_A1_C02_Goettingen_NPI_Cell02,6981727,rename
M26_VK_A1_C02_Goettingen_NPI_Cell02_morph.png,6981727_morph.png,M26_VK_A1_C02_Goettingen_NPI_Cell02,6981727,rename
M26_VK_A1_C02_Goettingen_NPI_Cell02_morph_thumb.png,6981727_morph_thumb.png,M26_VK_A1_C02_Goettingen_NPI_Cell02,6981727,rename
M26_VK_A1_C04_Goettingen_NPI_Cell04.swc,7655507.swc,M26_VK_A1_C04_Goettingen_NPI_Cell04,7655507,rename
M26_VK_A1_C04_Goettingen_NPI_Cell04_morph.png,7655507_morph.png,M26_VK_A1_C04_Goettingen_NPI_Cell04,7655507,rename
M26_VK_A1_C04_Goettingen_NPI_Cell04_morph_thumb.png,7655507_morph_thumb.png,M26_VK_A1_C04_Goettingen_NPI_Cell04,7655507,rename
